<?xml version="1.0" encoding="UTF-8"?>
<project-private xmlns="http://www.netbeans.org/ns/project-private/1">
    <editor-bookmarks xmlns="http://www.netbeans.org/ns/editor-bookmarks/2" lastBookmarkId="0"/>
    <open-files xmlns="http://www.netbeans.org/ns/projectui-open-files/2">
        <group>
            <file>file:/Z:/info/java/ProgettoInfo/src/view/InserisciStudente.java</file>
            <file>file:/Z:/info/java/ProgettoInfo/src/view/InserisciAppello.java</file>
            <file>file:/Z:/info/java/ProgettoInfo/src/controller/Gestore.java</file>
            <file>file:/Z:/info/java/ProgettoInfo/src/view/InserisciCorso.java</file>
            <file>file:/Z:/info/java/ProgettoInfo/src/view/InserisciDisciplina.java</file>
            <file>file:/Z:/info/java/ProgettoInfo/src/view/InserisciDocente.java</file>
            <file>file:/Z:/info/java/ProgettoInfo/src/view/Home.java</file>
        </group>
    </open-files>
</project-private>
